cat,askeladden_id,municipality,quality,elev_minimum,phase,slope_average,aspect_average,infiltration_mode,emergence_50,emergence_500,emergence_1k,site_size,cent_elev,location,island_size,avg_fetch,viewsize_5k,viewsize_10k
10,22346-1,bamb,2,33.63698196,lm,23.1248579,216.096138,4,902.9605642,880.4887911,782.7148385,119.855,33.63698,island,8180500,5953.531728,73145,286085
22,80860-1,bamb,2,30.79936218,lm,15.81997204,225.1856232,4,520.3517498,1133.075885,1163.187047,98.078274,33.14102,mainland,,3907.149554,27165,162882
26,95384-1,bamb,3,34.22261429,lm,5.908984323,95.4784832,4,723.6451475,887.6268189,896.019345,1336.119995,36.20184,mainland,,1628.877268,16470,28641
30,110249-1,bamb,2,51.41467,mm,5.110338,215.2209,4,35.70819015,182.3106475,189.7697938,54.55,51.394,island,28600,1421.818182,404,404
31,110250-1,bamb,2,49.71998215,mm,1.651234478,172.3393497,4,59.44529213,206.8577589,216.5834097,359.649999,49.71998,island,1536200,31.40150532,2953,75783
32,110251-1,bamb,2,54.0213356,mm,9.180587292,62.91692162,2,104.2622121,144.579511,150.0760627,152.844999,54.02134,island,114700,2761.323252,76246,230941
33,110252-1,bamb,2,52.60027695,mm,4.945328474,74.22582626,4,101.5807719,169.6483884,168.5745953,176.944999,52.82413,island,1239000,1237.577924,31746,110487
34,110253-1,bamb,3,51.56681061,mm,4.254308701,46.83073044,4,92.61779874,184.0105467,184.5446214,113.775,51.56681,island,1286700,1256.171517,195,195
36,110255-1,bamb,2,50.69451141,mm,7.107954443,298.0535135,4,124.9251764,199.3877517,194.5334606,757.149997,52.2141,island,1239000,68.21553744,6482,8489
42,113522-1,bamb,2,23.44398689,lm,4.981256962,22.09157944,4,77.62001288,1221.884341,1811.04586,30.435,23.44399,mainland,,196.5387451,1679,1679
46,114117-1,bamb,3,41.04114914,mm,6.273280621,258.9370728,4,335.9352574,462.1492892,451.1751599,145.972595,41.04115,island,1086900,163.0634847,12006,13164
47,115455-1,bamb,2,27.88966751,lm,8.273801804,37.58111954,4,638.7376138,1429.66123,1443.878002,106.745,27.88967,island,1203000,2075.97205,87084,227913
48,115456-1,bamb,2,23.55324,lm,7.251682,67.82605,4,180.0949205,1586.412843,1581.335961,42.975,23.39569,island,1313400,1732.016483,40614,41498
49,116351-1,bamb,2,43.80940628,mm,8.76778841,60.24294567,4,203.8365895,386.1024752,419.7601932,530.384998,44.84533,mainland,,922.7716307,93570,230452
50,116352-1,bamb,1,50.35535431,mm,10.57220609,45.29283851,4,153.4709127,247.2278906,297.9911382,493.029998,51.79403,mainland,,1348.721551,104454,253355
51,116353-1,bamb,2,38.88112259,lm,7.129418254,189.1491117,3,472.1300361,590.4116959,575.5992631,389.599999,39.60595,mainland,,915.5701587,81654,208959
52,116354-1,bamb,1,31.62402153,lm,7.870724599,121.5734351,3,781.9674509,1144.735938,1006.728757,566.844998,31.62402,mainland,,892.4766159,26623,27437
53,116355-1,bamb,1,46.93639374,mm,7.459544288,38.22909207,4,171.0935138,302.4317627,354.9466726,887.139997,48.39467,mainland,,1153.866757,98068,239162
54,116356-1,bamb,2,32.83541107,lm,7.825449228,12.49103546,4,637.5351927,1019.154231,929.0039387,168.499999,33.11571,mainland,,1065.5061,85029,198593
55,116357-1,bamb,2,74.92179871,em,8.155440966,100.7796097,4,16.52363745,71.28775188,78.61766416,343.744999,74.9218,mainland,,1565.954752,90186,95212
56,116719-1,bamb,3,40.43548203,mm,8.179365669,92.78568213,4,387.4610652,451.6563795,470.5584604,1361.579995,42.4502,mainland,,1554.426,21304,39644
57,116720-1,bamb,1,37.1913414,lm,6.146685123,126.0630325,4,529.6813755,669.1406692,675.4779843,880.214997,38.54679,mainland,,274.6214899,12139,12139
58,116721-1,bamb,1,35.25772476,lm,8.730327606,57.20726013,4,371.676567,755.018364,843.2074059,139.309999,35.25772,mainland,,367.399985,8538,8538
59,116722-1,bamb,1,31.71465111,lm,8.839063372,84.98777825,4,688.1799978,1032.867,1092.69385,1301.744996,34.98735,mainland,,1600.062403,16751,16751
60,116723-1,bamb,2,46.69408798,mm,2.847732782,249.5320896,4,75.11352864,221.9516944,285.5583871,425.534999,47.29188,mainland,,1820.205801,45762,115281
61,116724-1,bamb,1,30.48010063,lm,6.752266169,60.5288744,4,363.9984958,1110.200958,1197.95792,366.684999,31.50148,mainland,,352.8334175,15767,15767
62,116725-1,bamb,2,45.73290253,mm,12.53752041,60.51950836,4,167.0702777,253.9036175,305.0276207,316.534999,47.097,mainland,,1758.168986,43474,126879
63,116726-1,bamb,1,39.3004303,lm,5.863615036,123.8611908,4,366.7165637,530.6491774,536.2652141,625.264998,40.25977,mainland,,347.0303699,15312,15312
64,116727-1,bamb,1,37.69846344,lm,5.118207489,29.91584614,4,340.0191054,583.9366714,675.6749702,697.214998,39.51982,mainland,,476.3764358,24254,45737
65,116728-1,bamb,1,36.54677963,lm,6.878132343,63.77583313,4,372.0701952,690.9979316,736.8314194,426.169999,37.51083,mainland,,1702.649078,29123,53813
66,116729-1,bamb,2,48.25951004,mm,7.450011134,262.9137061,4,116.9913246,199.8642687,251.8980605,389.959999,51.05627,mainland,,534.7677043,21053,21053
67,116730-1,bamb,2,33.97937775,lm,6.031389618,116.1106415,4,439.8657685,905.7273136,923.8806604,522.849998,34.97866,mainland,,257.2575438,14240,17275
69,120682-1,bamb,2,36.4005127,lm,5.055021167,181.6923348,4,260.9209725,774.5987409,756.5336984,239.524999,37.42319,mainland,,1037.388994,72801,179697
70,120683-1,bamb,3,31.80721474,lm,12.53556406,344.7361794,4,861.7991894,958.8663464,1055.061503,842.954997,34.34497,mainland,,808.6847297,68205,171157
71,129821-1,bamb,3,26.37142563,lm,11.7116518,355.639801,3,626.2591225,1390.59278,1386.20668,77.08,26.37143,mainland,,1337.732883,197361,284088
72,129822-1,bamb,2,51.12397003,mm,6.897711902,81.01618247,3,147.6398105,233.3328081,256.6273341,2811.98499,55.15558,mainland,,2456.960326,229475,411369
73,129823-1,bamb,2,60.14848,mm,15.98166,61.33186,3,85.98267384,130.5231164,139.5873379,163.869999,60.89953,mainland,,1984.169241,232497,398059
74,129825-1,bamb,2,40.69726563,mm,6.591021776,10.43930101,4,255.942639,490.9434189,438.7202392,143.034999,40.8821,mainland,,1482.942301,186547,299108
75,129826-1,bamb,2,52.25808716,mm,4.635666609,52.08725166,3,97.15101385,224.2771137,217.2247949,291.054999,52.71922,mainland,,1662.540003,184719,315818
76,129828-1,bamb,2,52.96419144,mm,10.83910942,55.30051041,3,95.07192225,224.216973,210.2136228,131.67,51.92211,mainland,,1301.16746,154717,171954
77,129829-1,bamb,2,49.25351334,mm,13.10689735,105.094429,4,129.3463087,279.6637339,257.3697581,199.504999,50.04078,mainland,,861.5822878,148769,249220
78,129830-1,bamb,2,38.08095932,lm,5.203584035,46.63967896,4,338.4060126,641.7316986,555.1313059,345.794999,38.6986,mainland,,1378.580274,158074,258213
79,129832-1,bamb,2,55.18766785,mm,7.655349759,38.65779021,3,101.9966177,162.6662253,197.5420044,1681.374994,57.84885,mainland,,2272.857931,219332,414373
80,129833-1,bamb,2,54.62520981,mm,7.220118672,100.3419418,4,78.08802601,213.0411545,190.1237743,836.904997,56.97772,mainland,,713.6422702,114906,194999
81,129834-1,bamb,2,41.33488083,mm,6.968480301,69.43469009,4,314.8088525,459.1157914,418.5930428,956.369996,43.17706,mainland,,1865.941287,204294,326245
82,129835-1,bamb,1,29.52415466,lm,8.18022871,227.8129578,5,523.7124874,1347.753716,1254.401802,467.068938,30.19725,island,26800,118.8621408,9807,10343
83,129836-1,bamb,2,61.14477158,mm,9.88778019,17.95073318,4,69.70716606,102.1419821,143.7078804,177.264999,61.14477,island,36300,1914.216741,188325,382287
84,129896-1,bamb,3,73.60140228,em,5.463929355,82.68064451,3,27.67580932,55.25870505,82.9449773,719.874997,74.75861,mainland,,1835.394305,191098,379112
85,137244-1,bamb,2,58.91569901,mm,2.795364738,76.87032597,4,48.34224269,154.2665104,157.954002,997.499995,59.67017,island,296500,490.3562321,54802,71484
86,138113-1,bamb,3,67.8418045,mm,10.28048003,258.6118126,4,26.42197874,103.7621335,105.708258,367.404999,68.52673,mainland,,320.6365573,29287,30268
87,138114-1,bamb,2,83.84267426,em,7.018158966,278.9167735,4,46.65947855,51.29328619,52.71480919,868.199997,84.41298,island,247900,76.32626891,2600,2600
88,138116-1,bamb,1,52.30120468,mm,15.81414735,66.40889406,4,152.6529735,214.4538106,223.520054,764.874997,54.88684,mainland,,197.714837,11867,11867
89,138117-1,bamb,3,33.20237732,lm,11.68877983,235.484125,4,965.4820141,891.0429318,723.0135216,1203.104995,37.09365,mainland,,142.1442678,7738,7760
90,138118-1,bamb,3,38.20923615,lm,7.6545259,262.1417679,4,626.0894025,560.3815678,533.1719611,914.284996,38.64909,mainland,,32.65493293,2831,2831
91,138119-1,bamb,3,90.99966,em,9.199827,286.1135,4,26.82730763,27.79465357,29.64165332,78.385,90.20135,island,157000,2451.239027,20614,20614
92,138121-1,bamb,3,80.29814148,em,2.179224389,203.6064784,4,9.407223268,62.31357776,63.30171043,602.409998,80.60457,island,3512600,445.8771562,22477,23323
93,138122-1,bamb,2,46.0737,mm,16.71774,224.0872,4,216.1628165,321.5234067,313.4138554,91.87,46.35208,mainland,,242.2517174,15761,15941
94,138123-1,bamb,3,80.72424316,em,5.140862544,285.0803579,4,33.21492147,58.94014006,60.05023955,571.794998,80.99535,island,3512600,56.42947145,11228,29737
95,138124-1,bamb,2,78.0384903,em,7.032363574,251.657842,4,7.909565379,68.59982664,69.30063253,342.464999,78.36046,island,3718300,348.5913047,36249,38044
96,138126-1,bamb,2,95.26034546,em,7.588490725,157.2023087,4,15.76334313,16.56682381,16.16158861,206.924999,96.35923,mainland,,1327.737321,26535,96418
97,138127-1,bamb,2,82.72776031,em,6.133749803,243.9912567,3,7.647747192,52.3458522,53.12737246,362.799999,83.72912,island,5800,71.22486632,2971,2971
98,138128-1,bamb,3,71.32454681,mm,4.087872559,234.7007918,4,42.02720273,88.18107545,90.11832571,1142.489996,72.09636,mainland,,291.0455082,18844,20041
99,138129-1,bamb,2,49.82795715,mm,12.09699607,148.436677,4,154.1936849,235.2858629,252.284296,783.274997,53.00255,mainland,,137.2989744,5521,5521
100,138130-1,bamb,2,84.54187012,em,13.50346041,252.1469964,4,53.67143692,49.74104166,50.87132869,1006.734996,86.60319,mainland,,181.7344067,7986,25124
101,138143-1,bamb,2,96.86174011,em,2.562551618,197.5461807,4,9.323029286,10.40039508,10.4368859,200.724999,97.43642,island,1500,104.5459681,17621,65673
102,138144-1,bamb,2,93.27412415,em,4.36795032,129.7000332,4,22.72158912,22.11175588,23.12419773,426.764998,94.23708,island,781900,1797.879906,29688,44606
103,138145-1,bamb,2,72.0032959,em,0.883323709,138.7186756,4,21.77107841,85.8782656,93.4275715,365.844999,72.0033,island,300,1809.30071,21986,45516
104,138147-1,bamb,3,108.5291061,em,4.566130161,246.5769287,4,,,,1156.134996,110.8206,island,145000,340.5158474,37182,59215
105,138148-1,bamb,2,74.16397095,em,6.613982201,296.2098083,4,19.47107714,84.34171138,90.13606473,153.359999,74.16397,mainland,,116.3449121,4636,4705
106,138150-1,bamb,2,114.577446,em,12.32501952,331.8656413,4,,,,590.334998,115.7119,island,116200,596.6090465,113107,231234
107,138151-1,bamb,2,109.2787018,em,5.879961222,119.9953146,4,,,,751.459997,110.5155,island,145000,3910.656445,37695,173499
108,138153-1,bamb,2,107.8569641,em,12.36164856,230.1562653,4,,,,98.045,107.857,island,717000,278.9250528,33429,37659
109,138155-1,bamb,2,79.93161774,em,7.626268864,268.0700378,4,8.621875358,66.11089071,68.13320841,155.799999,79.98695,island,12800,1340.426006,61972,236557
110,138156-1,bamb,2,26.83348656,lm,2.724177241,73.52327019,4,39.69297951,1279.01336,1428.376232,852.469997,27.3531,mainland,,325.6426054,15556,15556
111,138157-1,bamb,2,54.94423676,mm,10.95424557,312.1397858,4,61.43013817,137.5285229,173.1144662,227.354999,56.21564,island,36000,288.7745191,15022,15077
112,138159-1,bamb,2,77.02843475,em,6.56058836,287.6723022,4,17.27918412,76.62669464,79.79533333,278.749999,78.13715,island,18400,280.4155105,16311,18591
113,138160-1,bamb,2,56.64456177,mm,5.362579203,269.8320863,4,41.93973483,109.9194018,158.2004301,482.489998,58.09057,island,9400,675.4735258,36377,146619
114,138161-1,bamb,3,49.61566162,mm,7.777249575,288.3366699,4,122.7658135,206.0058955,238.8377831,559.909998,51.80226,island,61200,168.2643371,7831,7855
115,138162-1,bamb,2,66.63210297,mm,14.01374753,252.7900645,4,57.04274184,65.06884268,107.1857266,290.289999,69.04967,island,68100,431.2155647,37131,65370
116,138163-1,bamb,2,47.01909256,mm,8.250492997,166.78429,4,161.2065465,224.4419294,283.3890053,1063.424996,49.64221,island,73100,396.8675229,18079,18079
117,138164-1,bamb,2,48.78026581,mm,8.199358654,110.388649,4,129.4488405,190.7850004,247.9832793,341.319999,49.31398,mainland,,4415.386844,52780,155759
118,138165-1,bamb,2,72.32596,em,4.771029,86.67314,4,14.41869928,39.14200688,78.82620181,114.33,71.98178,island,96300,3529.954909,79303,79303
119,138167-1,bamb,2,41.22216797,mm,5.208540344,145.4393036,4,278.1483075,376.4726333,428.6777311,505.339998,42.56223,mainland,,132.1058897,11021,11021
120,138169-1,bamb,2,64.08692169,mm,6.856547901,87.21636854,4,38.59929085,78.52211091,102.9233055,640.284998,65.62432,island,749200,1671.760313,46955,82967
121,138170-1,bamb,2,71.52658844,mm,8.847396851,261.2019348,4,30.26251106,91.75146157,100.8467806,226.514999,71.52659,mainland,,78.12699106,35562,137899
122,138171-1,bamb,2,80.7381897,em,5.131186724,331.640686,4,6.171980335,62.28824365,64.4414807,154.239999,80.73819,island,9600,379.4024099,46589,55022
123,138172-1,bamb,2,39.84062958,mm,7.961935759,92.57258224,4,277.7119495,440.7591814,493.4085159,170.749999,41.3471,mainland,,264.1387207,12233,12233
124,138173-1,bamb,2,64.41387177,mm,8.396505594,240.1231537,4,65.10751807,114.905712,133.1905642,177.129999,64.95234,mainland,,60.80944234,48906,163099
125,138175-1,bamb,2,77.70516968,em,6.916180134,325.1272888,4,14.99209677,73.50804901,76.99265838,209.369999,78.73415,island,18400,550.2098174,31891,34160
126,138176-1,bamb,2,43.97085571,mm,9.320702712,112.4664307,4,233.3422768,298.9287146,341.4365007,482.104998,44.7803,mainland,,248.8155515,13747,13747
127,138179-1,bamb,1,49.00274658,mm,17.99183559,90.31774139,4,192.4700279,225.7341224,258.1516375,291.979999,49.00275,mainland,,329.2703737,18149,29139
128,138180-1,bamb,2,71.70918274,em,5.449177844,57.01206916,4,59.75249682,93.75996252,97.80018317,696.459998,72.97864,mainland,,2747.271352,54881,166253
129,138181-1,bamb,2,38.26364517,lm,7.556754669,311.2508392,4,417.9138512,549.1811331,580.3151715,685.799998,39.34581,mainland,,161.6364389,10592,10592
130,138262-1,bamb,2,63.07407761,mm,5.763050424,292.2693821,4,34.58305349,87.98274236,108.0388302,1752.584994,64.16306,island,8900,1494.047657,28847,72844
131,138263-1,bamb,2,58.63554382,mm,6.5153615,247.207251,4,61.69218427,123.293495,142.3781702,417.869999,59.55808,mainland,,95.36473671,24441,115071
132,138264-1,bamb,2,61.48051071,mm,4.266884667,141.1828857,4,52.69894834,99.02998754,122.043121,1006.089997,61.96939,island,1160600,177.3524345,16597,18902
133,144941-1,bamb,3,31.49816513,lm,7.745364904,142.9427185,4,301.8927288,1007.425607,1070.39301,340.004999,32.42425,mainland,,250.2582796,12140,12140
134,144942-1,bamb,3,29.52495575,lm,3.916569948,132.6605479,4,303.509892,1139.048288,1209.123135,262.724999,29.52496,mainland,,265.4655479,14533,14533
135,144998-1,bamb,3,51.40370178,mm,12.3375423,128.7237053,4,131.4945518,243.7876046,240.2055546,452.234998,51.82913,mainland,,366.138613,52489,101189
136,145000-1,bamb,1,67.87420654,mm,5.854308337,237.5110722,4,21.60053003,104.2938329,113.1064782,881.464996,68.22269,mainland,,91.60828348,8462,8726
137,145173-1,bamb,1,94.53148,em,2.639117,57.35243,4,16.91189141,17.54820365,18.7021564,83.675,94.40718,mainland,,491.5568638,39388,39388
138,145175-1,bamb,1,112.1838913,em,11.44209671,323.077301,4,,,,97.025,112.1839,island,1918500,464.6004288,25048,25056
139,145191-1,bamb,1,54.5594101,mm,6.02228564,194.2008789,4,96.55261993,206.6034075,202.3328622,498.609998,55.02904,island,2858800,493.4705316,62154,114550
140,145192-1,bamb,1,50.43482971,mm,11.86076725,190.3414574,4,153.558286,245.9396125,250.3839849,408.899998,53.09639,mainland,,60.78740117,1721,1721
141,145193-1,bamb,1,51.36316681,mm,14.00851202,48.04562454,3,201.8691466,238.2432227,237.9189784,532.014998,54.73672,mainland,,174.0764162,6724,16851
142,145397-1,bamb,1,39.12401199,lm,4.812405586,305.4259949,4,196.4392502,516.2233201,544.3491949,125.695,39.12401,mainland,,223.8771636,16073,19517
143,145400-1,bamb,1,56.8405838,mm,4.993578196,198.3746262,4,65.92890268,138.6485009,156.0356271,498.339998,56.92353,mainland,,4664.251966,65275,215588
144,145401-1,bamb,1,37.75245667,lm,4.668223858,344.0606995,4,278.4840467,625.9304518,626.6577996,64.15,37.75246,mainland,,340.9922457,2638,2638
145,145403-1,bamb,1,54.09235382,mm,6.051555634,174.060379,4,68.40730685,160.3341844,179.0889448,103.645,55.15125,mainland,,4846.513438,53271,191081
146,145407-1,bamb,1,54.21233368,mm,7.065415382,189.5635834,4,71.91489693,158.6628235,175.7623456,135.6,54.21233,mainland,,4862.023143,62430,202205
147,145410-1,bamb,1,97.19456482,em,13.57893467,11.41721757,4,8.816438728,9.569784357,9.548592104,221.299999,99.40903,island,1582000,447.2564027,31959,33493
148,145611-1,bamb,3,100.711441,em,16.07842255,59.88037872,4,,,,87.475,100.7114,island,94100,103.7645224,28798,49511
149,146120-1,bamb,1,37.43030167,lm,5.6435498,95.8114872,4,386.7582977,618.4790331,633.0209027,803.989997,37.4303,mainland,,3085.876924,1183,1183
150,146122-1,bamb,1,41.09925461,mm,9.146828175,110.4832878,4,330.4784983,397.1929091,434.3027345,363.734999,41.72794,mainland,,3155.416351,64028,171134
151,146123-1,bamb,1,42.77661133,mm,7.860526085,100.6968384,4,216.772553,327.8370381,374.5962765,54.98,42.77661,mainland,,3161.93104,65242,171700
152,146124-1,bamb,1,33.90674973,lm,6.465981841,127.6101456,3,626.7798344,1000.958875,945.0488958,459.804998,34.47364,mainland,,2630.216692,29488,99162
153,146126-1,bamb,3,31.9552269,lm,2.47201848,246.46031,3,103.7862554,1105.950111,1121.319623,401.129999,32.04972,mainland,,332.8736275,15106,15106
154,146129-1,bamb,2,43.49296188,mm,7.07965517,94.27579498,4,195.6985603,310.4096042,358.7855982,322.749999,43.67041,mainland,,3178.852899,64535,170438
155,146146-1,bamb,2,100.7854156,em,5.176642418,266.9786072,4,,,,184.879999,100.7854,island,258900,176.9400601,19232,20749
161,146871-1,bamb,2,106.2810135,em,6.65311861,337.2838745,3,,,,147,106.281,island,196900,485.6126419,25626,25626
163,147180-1,bamb,3,37.5295639,lm,14.38014793,105.7584381,4,501.238805,568.95083,506.0948905,97.69,37.52956,mainland,,115.8924198,2839,2839
164,147181-1,bamb,2,45.34972763,mm,11.69654799,118.0747128,4,214.2117198,308.2875989,300.1859306,412.059998,47.17389,mainland,,138.9527893,6961,6961
165,147182-1,bamb,2,37.62477875,lm,12.91976579,114.3792915,4,506.97467,561.1687577,500.2471938,627.964998,38.84002,mainland,,106.0249692,5901,5901
166,147457-1,bamb,1,38.73783493,lm,5.610408783,102.4286224,4,428.0725066,547.7748909,564.0575608,529.564998,38.8776,mainland,,2719.552827,49099,140384
167,148056-1,bamb,2,56.44537735,mm,4.647534132,93.94723797,4,59.17825699,168.3231682,197.8402092,570.829998,56.90624,mainland,,1608.415577,127837,294281
168,148057-1,bamb,2,55.53448868,mm,2.70088323,92.97949219,4,44.44476049,185.0016692,210.5664699,292.119999,55.58344,mainland,,646.139638,102246,266382
169,148058-1,bamb,2,55.15446091,mm,2.986382501,161.8976626,4,32.27712127,190.8547151,215.4522575,788.144997,55.76682,mainland,,245.33619,113676,276442
170,148059-1,bamb,1,59.65272141,mm,5.518490076,88.75665665,4,79.9679645,139.7462729,164.5268452,333.789999,60.52246,mainland,,1664.575435,127668,298019
171,148668,bamb,2,48.06817,mm,5.223213,61.81114,3,57.8417844,246.3790151,268.4743722,32.605,48.54659,island,6699800,1258.993273,30774,152225
173,151042-1,bamb,2,34.72925186,lm,12.03698492,141.7868118,4,905.2028886,799.9259745,842.4994919,197.029999,36.08688,mainland,,194.2309574,7958,11093
174,151281-1,bamb,2,36.96741867,lm,15.40888723,160.3205109,4,816.4834414,670.9536171,705.8511557,328.444999,37.47111,mainland,,155.3855133,6755,6907
175,151601-1,bamb,2,27.31993103,lm,7.052615851,109.5752158,3,720.8841116,1256.277238,1286.026489,659.599997,28.75352,mainland,,2892.02345,37277,167033
176,151603-1,bamb,2,23.69518661,lm,7.964701939,120.4805603,3,487.4531645,1453.111888,1478.447006,857.579997,25.07638,mainland,,1662.63373,14856,65752
180,158085-1,bamb,3,47.43030167,mm,6.741264105,352.9762115,4,163.8902768,223.3848219,278.4065964,662.213229,48.59672,mainland,,500.0942866,22726,60973
181,158086-1,bamb,1,55.37225342,mm,2.450565666,213.7647585,3,30.31904084,100.6777897,177.9213544,1353.875854,55.92166,mainland,,238.8703861,74883,200177
182,158087-1,bamb,1,50.01618576,mm,4.632046382,142.4736557,3,105.8546705,146.3988387,245.1728442,1503.533012,52.68232,island,17800,338.3377531,33680,45172
183,158089-1,bamb,1,61.60948944,mm,5.260585785,339.3835144,4,21.21343661,49.12927281,108.2534941,117.049864,61.60949,island,1160600,1178.337026,84830,88050
184,158091-1,bamb,1,65.28117371,mm,2.647704204,235.3767014,3,5.515653875,48.55262847,88.27457319,552.346607,65.52248,island,2900,4262.048071,156543,362256
185,158092-1,bamb,1,49.15573883,mm,7.454376896,238.4215825,3,102.6343703,146.1924741,262.6763112,1091.730532,50.87133,island,26000,384.4495169,30203,34419
186,158094-1,bamb,1,49.91269684,mm,8.199666619,224.2053986,3,90.52794657,119.0819213,254.112067,861.354744,50.92371,island,26000,262.6086527,23967,26878
187,158095-1,bamb,2,48.87566757,mm,3.157011318,57.16778126,3,23.03066007,196.7275486,240.0343853,486.698481,49.40306,mainland,,455.9101856,41711,86193
188,158096-1,bamb,1,44.01969528,mm,4.453830089,66.75101631,4,197.7116307,297.2898454,367.5803526,1276.289079,44.73159,mainland,,744.9283932,49188,135374
189,158098-1,bamb,1,45.1759491,mm,4.473317759,50.92553656,4,124.5123544,275.4919014,340.5657644,713.978856,46.32133,mainland,,1057.036326,70226,184999
190,158099-1,bamb,1,57.19720078,mm,1.912498836,121.8623035,3,25.32272828,87.04223356,162.936875,1536.594781,57.8369,mainland,,1256.500758,89975,226427
191,158101-1,bamb,2,59.70597076,mm,5.871645768,112.079951,3,27.97455103,75.58771035,126.6848804,246.249355,60.67901,island,1247800,219.018785,16833,16833
192,158102-1,bamb,1,56.40560913,mm,2.503747116,274.4879329,3,17.6649135,86.55164783,165.0270111,1180.109291,57.07355,island,2000,1535.458533,100144,199671
193,158105-1,bamb,1,52.72872162,mm,4.19789969,275.4333437,3,54.8458886,135.7830601,210.5160584,1356.281582,54.37624,mainland,,972.6562905,68987,148901
194,158106-1,bamb,2,47.87007523,mm,5.635473658,197.9654195,3,108.7676328,221.0554146,287.9256576,1643.468535,52.67366,mainland,,262.3983032,63847,159089
195,158107-1,bamb,2,47.39326859,mm,4.585434675,266.5331116,3,63.03001049,210.7864365,291.9746911,315.531741,47.54208,mainland,,371.1210207,43042,52297
196,158108-1,bamb,2,50.12583542,mm,2.151058316,230.1827087,3,62.58234938,172.4137802,240.5753362,167.127632,50.12584,mainland,,586.5652637,1711,1719
197,158110-1,bamb,1,47.94201279,mm,5.795081395,59.03680655,4,144.3785384,206.193653,286.7692849,1228.837974,49.44459,mainland,,2432.204055,72027,201196
198,158111-1,bamb,1,50.78212357,mm,8.453707868,49.15473799,4,113.4075017,149.9146587,237.8391943,1104.150161,52.31349,mainland,,979.235894,107396,273874
199,158113-1,bamb,1,54.0103035,mm,4.346062339,255.2080043,4,36.4235156,56.53702305,199.4296207,1271.838665,55.30012,island,4600,1486.409801,116633,268616
200,158114-1,bamb,2,57.39775848,mm,7.290274239,202.1128204,4,58.6326994,89.64634163,146.2137019,646.142486,57.82328,mainland,,2684.327325,49639,145075
201,158115-1,bamb,1,40.59139252,mm,11.1278512,241.8597076,4,360.6468167,349.8784345,487.1195751,1005.545313,43.64063,mainland,,267.2703336,54305,118954
202,158170-1,bamb,2,53.87740707,mm,6.120245934,34.86744595,4,114.0362249,205.4963203,200.2516499,300.417844,53.87741,mainland,,87.69226857,4985,4985
209,176264-1,bamb,2,66.23415,mm,6.689333,300.3931,4,50.8920917,88.30826806,112.9842772,49.843462,65.62348,mainland,,148.4245878,6857,6857
214,214008-1,bamb,3,25.07046318,lm,7.728495598,103.0621872,2,337.4254477,1519.336417,1548.7578,278.427002,25.07046,mainland,,1003.427359,64757,67566
216,214010-1,bamb,3,31.88822174,lm,10.30199606,104.7847512,3,817.1623025,1145.980601,1072.407664,962.90045,34.99537,mainland,,601.7885321,99770,115454
217,214011-1,bamb,3,39.13566589,lm,8.85159421,112.3243656,4,387.9930979,556.336972,547.2858587,511.343069,40.50905,mainland,,1006.08357,106499,125194
218,214012-1,bamb,3,37.07401276,lm,7.77486519,143.5205631,4,583.1688949,700.9380937,650.2329775,2368.602914,42.86213,mainland,,729.2518471,87889,105280
219,214013-1,bamb,3,24.48002434,lm,12.53183002,175.3407562,4,1011.296453,1488.821789,1559.8076,902.975618,27.52341,mainland,,354.6717483,29403,29821
220,214014-1,bamb,3,29.98609734,lm,13.46505487,168.2700005,4,1107.450797,1240.262298,1162.392182,670.65418,30.48076,mainland,,269.7902784,25283,25883
221,214015-1,bamb,3,56.78582001,mm,18.13529539,187.9327469,4,137.3148442,171.7251278,178.2518599,427.28011,59.36765,island,41800,582.8357916,63392,99431
222,214413-1,bamb,3,35.61736298,lm,8.362524033,59.60638555,2,473.8573455,864.2820096,752.6069032,373.471874,35.61736,mainland,,1093.631943,177251,286460
225,230585-0,bamb,1,26.58697319,lm,8.775179386,18.67170548,4,421.2686799,1244.92002,1343.047943,522.632384,28.09233,mainland,,208.732821,8556,8556
226,230586-0,bamb,1,30.9422493,lm,5.333050728,70.75152016,4,568.9228252,1002.464027,1128.134849,373.935577,30.94225,mainland,,130.6533601,9397,9397
228,235992-0,bamb,1,100.8155594,em,5.338849545,129.4294891,3,,,,95.72363,100.8156,island,288700,3378.306078,121794,398161
230,244152-0,bamb,1,25.99608612,lm,8.378613472,27.87173462,4,528.4119175,1471.092081,1547.632766,383.203426,27.84525,island,40800,1577.649405,220704,294311
231,244748-0,bamb,1,32.22827148,lm,14.65129662,71.44290161,3,797.5839733,1067.857519,939.2911574,42.213639,32.22827,mainland,,529.4318185,41981,68358
232,244750-0,bamb,1,27.3043232,lm,18.51174736,68.19975662,4,845.0272423,1374.926751,1243.418611,189.082718,27.30432,mainland,,421.3236095,42053,57969
233,244751-0,bamb,1,30.58302879,lm,17.38822365,78.36029053,4,766.922786,1146.817344,1018.238557,46.313487,30.58303,mainland,,524.3554283,11578,11928
239,244758-0,bamb,1,29.0002,lm,17.64974,273.4949,4,889.027176,1160.53584,1261.009755,50.31321,30.09597,mainland,,876.8690559,78064,186310
240,244759-0,bamb,1,34.77243423,lm,11.75378036,282.2754517,3,612.2112705,691.9121775,808.856251,134.574655,34.77243,mainland,,355.1982147,48646,100146
241,244760-0,bamb,2,42.42137527,mm,9.768348614,204.5382309,3,257.7329182,339.18597,413.9358317,537.553729,43.81666,mainland,,157.2626603,15885,18765
243,244763-0,bamb,1,59.13015747,mm,3.716331504,40.65713484,3,54.08998007,75.86270111,153.2398848,1091.593569,59.62481,mainland,,1219.330894,105266,242072
244,244764-0,bamb,1,60.4141922,mm,5.32117637,131.5062593,3,44.60338449,68.37678493,147.4341672,270.762849,61.08342,island,1160600,1432.406641,115106,253905
245,244765-0,bamb,1,62.06035614,mm,2.867413029,28.71084899,3,23.04245862,71.79845759,127.7670945,860.106645,62.81259,island,1023500,1251.451496,109129,244995
246,244766-0,bamb,2,64.10255432,mm,4.234520435,209.6754303,3,12.6063833,65.30757279,118.6482076,264.021253,64.79321,island,842500,480.444447,49219,180838
247,244767-0,bamb,1,57.68331,mm,4.484099,159.6505,3,35.52595841,95.70233015,143.4533665,68.843315,57.63681,mainland,,2867.044438,30569,30569
248,244768-0,bamb,1,61.64431763,mm,7.33994182,42.11103948,4,61.33206238,86.82738874,121.3763848,248.615303,63.40799,island,950900,3197.417814,58065,139668
249,244769-0,bamb,1,51.27916336,mm,7.549407755,196.3462285,4,122.2544736,157.1001367,210.1637843,716.305065,53.95163,mainland,,221.032414,18134,37435
250,244770-0,bamb,1,49.9026413,mm,5.225480318,52.69648743,4,43.67290676,182.4591876,226.447275,161.017165,50.68607,mainland,,267.6644801,14064,14064
251,38755-1,larv,3,58.879776,mm,8.744638443,39.28594208,2,61.400123,141.1481456,215.6389774,166.300357,58.87978,mainland,,621.8838978,51254,52956
253,49633-2,larv,3,54.59171295,mm,4.714588404,287.5108795,2,30.99119032,253.8637642,265.1351164,202.705,54.77182,mainland,,1085.905148,101612,141643
254,49633-3,larv,3,49.76729965,mm,7.231389787,287.4878213,2,161.9022593,332.5358457,340.1206609,2102.804996,51.89943,mainland,,819.2556076,82469,116534
257,119400-3,larv,3,80.60253906,em,4.311546028,235.393795,4,38.76192792,50.35221569,50.5913154,331.194999,81.05228,island,45200,697.7338966,61731,89841
258,119400-1,larv,2,77.96781158,em,10.08391953,51.51136971,4,34.33034103,66.66158785,69.39105893,147.15,78.98741,island,57400,136.79258,16266,32154
259,119400-2,larv,2,72.53697205,em,13.34766746,335.197403,4,78.64642277,107.0046663,108.499576,470.564999,73.6599,island,1658400,70.94214667,19588,22020
260,119400-4,larv,2,76.82787323,em,13.05803585,88.12628937,4,67.48861457,75.13370691,79.38741331,164.1,77.0822,island,181100,47.54157325,1528,1582
261,120430-1,larv,3,72.8254776,em,5.786376595,191.9886215,4,57.65128741,104.0900375,106.0632351,252.67,73.69098,island,1658400,334.255855,24588,27611
262,120430-2,larv,3,74.04412079,em,14.13634396,111.0761871,2,53.39203296,93.74179285,98.24841774,69.83,74.04412,island,1526600,291.9254328,17583,18963
263,120452-2,larv,3,69.31733704,mm,16.80771329,283.628033,2,110.0540638,134.3566728,136.7064436,1179.739998,71.95721,island,1949800,136.6084326,10041,14017
264,120452-1,larv,3,60.81418991,mm,6.575675419,290.5101131,4,157.8956156,220.2441016,221.4955587,1478.309997,62.24473,island,3644800,69.11546468,1694,1694
269,177802-1,larv,1,52.79730988,mm,10.16017532,280.3338521,4,170.194823,331.7163394,306.2554471,317.711754,54.2934,island,98270600,244.8109764,10117,10478
270,177802-3,larv,1,49.57892227,mm,5.840258479,268.9410744,2,153.3590427,358.5384234,368.011655,597.992724,50.94666,mainland,,240.8924811,9463,9463
271,177802-2,larv,1,57.12776947,mm,8.337459952,305.1616077,4,152.3521183,269.0248247,252.1163526,1638.402249,58.68698,island,88364800,228.0588141,11291,13150
285,10669-1,larv,3,44.5422287,lm,3.91080397,264.8289506,2,398.4967689,563.464853,607.6481028,4783.797126,46.5643,mainland,,808.365107,77425,113614
287,10672-1,larv,3,44.39090729,lm,7.167752504,220.0031281,4,367.9829897,527.9513236,571.563749,210.5,45.22896,island,4500,1336.524546,53729,236501
341,50293-1,larv,3,48.5147438,mm,24.90781784,212.4476776,4,149.8801605,261.5423246,332.289523,34.373554,48.51474,island,489500,15910.45055,341802,1308556
394,94296-1,larv,2,23.55745888,lm,2.121326745,153.0996857,2,82.28979611,370.0457358,324.9885657,187.585,23.55746,island,172900,254.6480638,319,319
403,97747-1,larv,2,94.59539032,em,39.56796455,214.3015022,4,5.385164807,8.37021906,8.66648662,283.789999,102.7726,island,11306400,258.4509935,7290,7312
404,97782-1,larv,2,127.3466644,em,12.89627102,125.0937386,4,,,,1452.769997,130.9274,island,1892000,486.2849477,20194,27377
405,97791-1,larv,2,122.2227859,em,6.78583421,282.4102783,4,,,,560.259999,123.3706,island,7074500,47.57252726,3011,3565
406,97794-1,larv,2,103.2710266,em,7.341875285,165.5058661,4,,,,719.629998,105.9817,island,10930800,316.8909892,8819,8819
407,97796-1,larv,2,95.69006348,em,10.0757827,139.7973124,4,7.671646933,6.917219838,6.9669475,584.279999,99.02018,island,86570300,251.7028402,5393,5393
408,97803-1,larv,2,96.20877075,em,31.9921736,216.7177102,4,7.118052168,6.377368147,6.408099129,753.639998,103.5261,island,11138300,225.6360288,6524,6524
409,97805-1,larv,2,110.8887024,em,19.41373873,185.9797175,4,,,,1616.244996,116.99,island,8678300,276.2358675,17862,19314
410,97806-1,larv,2,109.5843582,em,9.214147329,153.6431122,4,,,,497.279999,111.1061,island,10169600,162.9519827,3162,3162
411,97807-1,larv,2,113.4751434,em,10.97367058,184.815036,4,,,,489.634999,114.7932,island,8951900,170.4501284,4280,4358
412,97808-1,larv,2,103.5358353,em,10.92384884,216.0473341,4,,,,2311.694995,105.9267,island,10930800,164.9510389,7774,7909
413,97809-1,larv,2,109.6903,em,5.593415101,214.5096283,4,,,,252.059999,110.7493,island,10313700,149.368069,4314,4314
414,97810-1,larv,2,107.0933685,em,13.33931845,216.8075728,4,,,,932.936231,110.354,island,10313700,149.7752005,3584,3584
415,97811-1,larv,2,92.79113007,em,17.92627684,159.9108429,4,11.54130903,12.19134359,12.26355197,404.774999,94.82222,island,90064700,2604.611659,59525,167293
416,97821-1,larv,2,104.3258514,em,22.61575723,286.1455078,2,,,,787.889998,108.1238,island,8501600,186.9539961,8002,8048
417,97822-1,larv,2,105.5720139,em,8.238952827,300.8196533,2,,,,388.189999,107.7674,island,8754100,166.4032782,3677,3677
418,97825-1,larv,2,106.8179626,em,8.724066544,267.904834,4,,,,488.269999,106.8471,island,8970600,136.5402163,8529,8613
419,97826-1,larv,2,104.3368683,em,14.19037288,107.1279762,3,,,,692.524999,107.1416,island,8754100,1969.153203,33288,111393
420,97827-1,larv,2,105.5114594,em,8.096769068,167.0352945,4,,,,821.674998,107.2782,island,8754100,1958.044691,41104,143207
421,97828-1,larv,2,109.7669449,em,5.181270142,242.9198764,4,,,,611.999999,110.1308,island,7708600,277.88422,26453,77043
422,97832-1,larv,2,100.4711914,em,9.10009002,107.5090707,4,,,,2129.199995,109.279,island,68091200,131.0859027,9707,24450
424,101164-1,larv,2,50.15214157,mm,7.5322467,72.78301474,2,136.6613458,305.2954805,292.7389912,1168.919997,52.13416,island,196800,2588.289136,8939,82465
425,101165-1,larv,2,50.13339233,mm,7.139080524,70.60445072,4,179.0509663,309.9405638,296.070344,1939.12955,52.1664,island,196800,148.4597928,6172,6172
427,115975-1,larv,2,84.7411499,em,10.57837868,178.173996,3,17.0604535,32.99452685,33.14572392,142.98,84.42624,island,98718200,308.4603499,12380,12392
428,115976-1,larv,2,94.43380737,em,11.05935645,287.0151825,3,7.074262103,7.932123121,9.068416675,321.809999,96.46774,island,88895800,47.71642304,1611,1611
429,115977-1,larv,2,73.06778717,em,14.63811421,190.399765,4,100.6475072,112.3928252,110.8348367,490.624999,74.95856,mainland,,202.659591,9669,9702
430,115978-1,larv,2,77.61906,em,19.73286,227.2425,4,55.48173465,76.25847154,77.02128771,86.425,77.48101,mainland,,308.2967723,6206,6206
431,116019-1,larv,3,83.62601,em,12.96274,125.6373,4,33.34851493,38.84918059,38.10445358,61.45,84.72359,island,79400,50.06132307,2040,2040
432,116021-1,larv,2,94.45826,em,23.46565,206.0709,4,8.326994835,9.11637238,9.359909035,77.19,93.33337,island,1475400,114.2979478,3955,3955
433,116143,larv,2,114.2787018,em,16.20656834,324.2796646,4,,,,2023.624996,117.3681,island,6374400,237.1726355,8254,20147
434,116144-1,larv,2,68.11116028,mm,5.572424054,175.2138138,4,149.4763342,180.5856363,156.6252208,187.48,68.11116,mainland,,96.46889747,4890,4890
435,116147,larv,2,96.60379028,em,7.069390217,94.06881968,4,6.297596543,5.6229011,5.74345532,542.579999,97.84003,island,12043700,1009.454339,20807,46612
436,116318-1,larv,2,49.49498749,mm,19.12828625,241.1545897,2,454.4988798,447.3878723,433.0270208,5861.059992,59.13555,island,254500,3011.561236,60190,227755
437,116883-1,larv,2,40.26348495,lm,9.839934008,112.8694724,2,583.6540458,996.8880327,1009.492112,699.279999,40.26348,island,934300,330.67839,900,900
438,118593-1,larv,2,124.7710724,em,6.794487158,257.9574483,4,,,,338.824999,124.7711,island,7007200,20.27425952,9785,10805
439,118594-1,larv,2,98.33135986,em,9.63355152,123.6135699,4,3.077697552,2.935139049,2.754601655,4117.029992,101.2213,island,10146300,1919.854433,126450,279898
440,118596-3,larv,2,95.73526001,em,7.220883052,338.5966288,4,6.860118402,7.669303754,6.212789283,231.28,95.73526,island,12582200,680.6131142,139953,270575
441,118596-2,larv,2,100.8951874,em,4.884516239,291.5632324,4,,,,146.93,100.8952,island,10469800,464.4213107,22145,24561
447,119027-1,larv,2,72.20196533,em,16.24812698,293.6467896,4,68.92423766,87.64662442,103.279532,179.04,72.20197,island,30100,239.8990906,27476,28502
448,119047-1,larv,1,83.0762558,em,3.041685343,79.21207714,4,27.25929925,45.82659345,44.24970012,383.724999,83.24532,island,14826000,762.8161242,95724,224292
449,119048-1,larv,2,38.84182358,lm,10.357354,321.1404203,2,791.4822217,709.2637392,890.7466739,8073.574984,44.33635,mainland,,736.0221433,55709,69671
450,119050-1,larv,1,88.50724792,em,4.199481368,87.07025528,3,18.64040889,19.10333525,17.15762921,223.33,88.50725,island,13944900,7329.454828,86000,86000
451,119051-1,larv,1,83.99913,em,8.631424,43.95545,4,25.0914328,40.75597757,36.24962813,57.07,84.28257,island,14662100,4168.870062,204066,551288
452,119052-1,larv,2,68.82640076,mm,11.08917618,167.4203308,4,79.0848824,139.1275593,133.1777764,358.514999,70.63184,island,8500,200.83033,8091,8199
453,119053-1,larv,2,69.08467865,mm,7.944638014,177.7012429,4,113.8704441,116.3930984,130.2276852,245.165,69.08468,island,18800,496.2847363,41290,41941
454,119055-1,larv,1,78.61990356,em,23.11947441,114.1803513,4,41.74448141,64.38750869,63.77357354,112.97,78.6199,island,122308200,8871.324578,240621,740933
455,119056-1,larv,2,74.41957092,em,11.26813507,126.1509705,2,80.34232171,74.76660063,91.92378076,94.175,74.41957,island,5700,1538.213033,1546,1546
456,119059-1,larv,2,51.01334763,mm,22.77674866,262.4943237,4,371.4976744,281.1419458,325.9386221,157.245,51.01335,mainland,,612.0479171,65227,71077
457,119060-1,larv,3,61.52425003,mm,16.28608758,281.7678646,2,168.2422123,213.8907556,213.7414747,1425.419997,63.97088,island,3498900,92.4372415,2935,4123
458,119397-1,larv,2,76.61354828,em,9.971705596,250.2661082,4,79.61485697,82.8526664,77.38029914,250.605,76.61355,island,811800,45.16955632,26171,80573
459,119398-1,larv,1,47.90368652,mm,7.917018175,155.8284861,2,314.0377657,434.6156558,413.0420704,590.809999,48.63389,mainland,,73.98055225,8492,8492
460,119399-1,larv,2,55.21009064,mm,11.16578247,247.155365,4,232.0920433,323.4580905,309.0229204,1582.735643,56.64736,mainland,,27.63707078,2153,2153
461,119401-1,larv,1,60.89144135,mm,15.00552654,226.020462,4,110.9727037,217.8450183,220.6846834,154.935,60.89144,mainland,,111.5946395,2919,3335
462,119402-1,larv,2,69.67991638,mm,8.187205156,245.0555166,4,81.75892152,128.9583697,131.1600049,486.264999,72.42174,island,1773900,159.5004579,9235,10721
463,119403-1,larv,1,59.41848755,mm,7.061107278,123.81007,4,62.22384111,247.5507353,235.8080387,774.029999,59.98158,mainland,,1321.616042,20627,82001
464,119404-1,larv,1,59.49045563,mm,1.873682052,193.9805679,4,44.71995107,235.1681343,242.8486749,157.725,59.68462,island,4109400,156.3231271,6218,6226
465,119406-1,larv,3,79.89057922,em,2.758616507,200.6967239,2,48.95865732,56.14812314,56.33556956,209.785,79.89058,island,217900,14.23165141,3025,3128
466,119407-1,larv,1,65.31768799,mm,8.949988985,155.1100143,4,168.9744128,161.36102,166.5621177,1116.564998,66.73489,mainland,,2556.298655,71239,213039
467,119408-1,larv,3,60.77499008,mm,14.44418392,196.7430664,2,145.9323211,223.9124369,221.4426115,474.629999,61.32815,mainland,,105.3861559,11015,24318
468,119409-1,larv,2,45.58366776,mm,27.35494932,316.5211131,4,508.3893181,482.5133228,448.7531337,633.224999,48.47919,mainland,,37.51612919,1878,1878
469,119410-1,larv,1,48.83364868,mm,26.90431762,140.5632172,2,441.3778229,404.6279171,394.9037783,512.559999,65.00076,mainland,,2873.402667,15951,19081
470,119538-1,larv,2,114.6557236,em,13.6078335,67.22498989,2,,,,950.619998,116.3044,island,8678300,82.4339998,2159,2159
471,120453-1,larv,2,62.75679779,mm,7.156256109,218.5505089,2,112.6602062,195.3514311,202.1217371,747.164999,64.05416,island,3149200,190.5712463,4250,5281
472,120470-1,larv,1,68.8416748,mm,7.346794741,134.9984033,4,74.95034352,127.8027711,134.4957799,698.924999,71.83442,mainland,,134.2237959,6808,9559
473,124676-1,larv,2,61.49859619,mm,14.86388949,156.7953665,4,172.5663106,219.0688799,219.2865753,1751.354997,71.53809,island,42750200,155.4119731,8501,8504
474,128552-1,larv,1,107.5528412,em,2.272628546,132.7652202,4,,,,230.895,107.6312,island,8754100,2400.662894,179147,636628
475,128606-1,larv,2,46.78718567,mm,5.244637966,97.74520874,2,256.643445,151.1856395,328.2538157,139.45,46.78719,mainland,,1510.123338,47799,141590
476,128640-1,larv,2,49.85099,mm,4.000074,26.15967,2,139.5512403,73.57256746,281.0747655,90.455,50.09117,mainland,,2284.955573,82105,231079
477,128642-1,larv,2,51.58163834,mm,8.654626846,327.0538788,4,100.9207226,94.65297328,339.5018533,249.83,52.02565,island,4800,723.1388853,74963,162033
478,128646-1,larv,2,50.78585815,mm,1.604617344,95.57328357,2,29.01699603,91.66653718,243.6541959,920.849998,51.15823,mainland,,2847.607919,51622,165476
481,128658-1,larv,2,52.13713074,mm,2.896792054,131.7468796,2,22.38957359,112.9150003,259.9253766,226.09,52.61807,island,2800,4988.513921,132565,377607
483,128666-1,larv,3,51.17388535,mm,0.043231931,31.34751892,2,43.44662354,110.6244327,275.0868955,85.71,51.17389,mainland,,4945.323012,9286,9286
484,128669-1,larv,2,51.11535645,mm,0.88496393,339.737915,2,11.14888816,101.9647219,192.5625894,117.085,51.11536,mainland,,2557.423177,55181,136169
485,128832-1,larv,2,32.20668411,lm,4.488963747,159.0137123,4,145.9206549,1219.930523,1304.631846,604.649999,32.83419,island,841000,795.582978,184780,286379
486,132164-1,larv,2,30.15937042,lm,4.102408171,267.6403571,2,241.0850958,267.14475,182.8782971,1077.954998,31.5856,mainland,,2786.841721,51243,222109
487,132165-1,larv,2,28.27473068,lm,7.504139725,185.5666342,2,143.4168119,262.6189605,188.7003618,1865.519996,29.05964,mainland,,2155.801853,25868,133494
493,143653-1,larv,2,69.62793732,mm,14.21460867,233.6875966,3,122.2235135,135.7106399,132.8490544,662.314998,73.72913,island,6933200,58.9709647,1307,1307
494,143654-1,larv,2,80.34455872,em,13.26475477,263.2556366,4,49.36366547,54.41608842,53.8765136,561.354999,81.10986,island,5638900,39.94935181,396,396
495,144308-1,larv,2,77.65306091,em,5.473453283,8.691673309,4,26.30883585,69.94753816,70.7196191,136.28,77.65306,island,22800,124.7673836,12990,14513
496,144310-1,larv,2,66.66220093,mm,11.26627374,195.0144475,4,126.1698033,155.3827043,158.0551344,626.499999,68.93825,mainland,,18.00477081,312,312
497,144311-1,larv,2,53.68400192,mm,9.125819705,82.6869519,2,254.592557,309.4131572,326.4404624,1185.324998,56.74217,mainland,,74.18708224,4324,4324
498,144318,larv,1,65.63560486,mm,10.74140612,169.8505672,3,171.1590842,153.7284273,165.2510501,2923.835734,69.43585,mainland,,36.51961596,1017,1017
504,150593,larv,2,66.88843536,mm,12.9493129,234.8458869,4,178.3204595,139.8616168,153.639604,2169.374996,74.74252,mainland,,80.4215432,2673,5073
505,156926-1,larv,1,27.61054611,lm,9.332642237,19.11694495,4,210.1598602,1536.844302,1491.41407,1469.015702,31.20943,island,885700,123.9892291,2692,2703
506,156927-1,larv,1,29.41551208,lm,7.995816231,107.0232473,4,370.2537755,1514.961345,1446.910123,1384.303269,30.81874,island,973800,1202.844759,15150,67087
507,158131-1,larv,2,83.11214447,em,5.629997482,86.55157153,4,31.88370629,39.74868845,37.7335776,1172.338039,83.95936,island,24100,4012.608452,105186,375636
508,158135-1,larv,2,83.21579742,em,11.22355488,218.6699655,4,37.25598593,38.24878172,37.27340733,529.264619,86.29005,island,57200,5703.796911,89227,240014
509,159896-1,larv,2,30.01327896,lm,8.348245621,89.84043376,2,132.0038267,226.9202606,575.0815341,456.923324,30.32835,island,4007300,276.3485615,28103,61224
510,161238-1,larv,1,77.50592041,em,5.650946856,115.8220406,4,32.84860841,67.58630076,70.6729945,234.673975,77.50592,island,64100,55.52212889,21661,29555
511,171004-1,larv,2,83.67567444,em,3.739542007,332.1856537,4,7.898781859,34.24748997,34.24748997,159.655884,83.96606,island,104500,1234.751636,202316,448881
512,171005-2,larv,1,80.31622314,em,1.50735865,280.0338287,2,9.524216155,54.61415086,49.83505344,541.41247,80.53937,island,17700,3799.621133,93059,235344
513,176721-1,larv,1,51.47216415,mm,9.253598397,256.774738,4,247.1035031,370.7218594,371.5287861,1669.503032,52.82563,mainland,,66.66249374,2127,2127
514,177818-1,larv,1,66.15432739,mm,6.222216845,131.1376343,4,45.69967592,122.0571059,161.1833118,245.768384,66.9834,island,936600,356.0205114,24465,27997
515,180463-1,larv,1,96.29235077,em,8.785873413,232.1041107,4,5.499090834,5.814455752,5.856970198,58.528935,96.29235,island,109300,3363.620348,68553,71706
516,180473-1,larv,1,91.83782196,em,12.30837536,251.6888351,4,12.93679034,13.01370272,13.24560691,424.829032,92.80543,island,45300,648.957382,71633,105390
517,180475-1,larv,1,75.20735168,em,9.154871941,124.524899,2,92.59932169,86.93806347,84.53631109,1627.991953,77.61071,island,562300,3074.976268,46337,152772
518,180477-1,larv,1,59.84893417,mm,11.99626088,135.6016769,4,156.8431432,239.3772212,210.9577981,286.392993,61.96713,mainland,,424.3210382,59650,62457
519,180478-1,larv,2,74.14085388,em,10.91580677,163.2962265,4,76.67339318,100.6617715,94.27485001,316.7177,76.37296,island,777100,3769.488116,66403,187486
524,230445-0,larv,1,32.64122009,lm,1.357783437,149.7214449,2,24.70558319,152.1289831,415.973171,1263.065773,33.28031,island,16100,5425.315527,170125,399179
529,239303,larv,1,44.9847374,lm,9.421049701,296.3603414,4,375.6893581,488.0089993,474.0279801,836.766015,48.78344,mainland,,496.1991169,48766,53740
533,2905-1,pors,3,27.05888367,lm,6.776550293,230.1045074,3,382.4068106,1569.183314,1407.026612,159.225,27.05888,mainland,,131.9693697,782,782
542,12619-1,pors,3,25.79959869,lm,8.624324417,238.0264526,3,151.1990975,1526.51397,1401.327539,484.904999,26.51665,mainland,,317.9703054,26701,30350
561,32348-1,pors,1,48.67980576,mm,6.086462657,16.04858017,4,152.3605413,489.1474791,467.9255179,296.606237,49.6755,island,10900,361.9525241,26872,28474
571,42313-1,pors,1,39.52750778,lm,8.947861433,309.8178406,3,622.8234049,1020.656577,1040.798872,342.660274,41.81731,mainland,,358.4176716,36339,44015
577,52065-1,pors,1,37.48272705,lm,13.14081891,261.1020508,3,418.9644739,1128.28387,1146.040785,223.767548,37.95708,mainland,,345.3616677,35565,38551
578,52067-1,pors,1,43.23555374,lm,10.16388512,321.8536377,4,505.4046848,796.7926507,732.1024939,211.707073,43.23555,island,45300,327.0290029,8540,8540
579,52068-1,pors,1,37.17073822,lm,15.10102654,326.0603943,4,381.5855704,1191.582875,1141.151073,112.351892,37.17074,island,64100,368.5119814,31989,33223
581,54970-1,pors,1,52.07101822,mm,6.86604896,251.9287795,3,159.5330695,360.4689447,394.8381959,1540.124959,56.03263,island,130900,3210.47867,54574,113237
607,97036-1,pors,2,40.89554977,lm,9.271896106,57.68998395,4,663.0542739,969.8845747,925.610699,1378.832078,44.24726,island,42200,307.823516,22678,23741
608,97852-1,pors,2,59.5944252,mm,10.4819411,75.57483864,4,121.8863912,287.5022758,263.0613383,354.124999,61.34042,mainland,,219.3748679,11540,11549
609,97853-1,pors,2,53.53240585,mm,4.539386113,128.5372009,4,66.89774775,371.1498006,355.1873321,266.019999,53.53241,island,1214300,116.6756892,2148,2148
610,97854-1,pors,2,50.28619385,mm,8.686882925,243.355687,4,186.6414971,465.5444325,434.1297826,1244.809997,53.35191,island,8700,93.09739151,7597,10040
611,97855-1,pors,2,50.73205566,mm,13.65042229,49.98440704,4,266.7662041,448.6545757,426.3936427,486.469999,52.25643,mainland,,75.49409307,7845,10470
612,97856-1,pors,2,50.20476151,mm,7.630693626,309.6664429,3,245.737885,472.0250263,437.8629794,2158.619994,53.98289,mainland,,60.4859157,9970,14088
613,97858-1,pors,2,47.15320969,mm,13.98055267,268.5063978,3,277.4249721,548.0085947,511.3522703,645.899998,49.84158,mainland,,58.10136628,8832,9165
614,97859-1,pors,2,45.35263062,mm,21.50812569,285.4014648,3,320.4473509,645.9939841,577.2726,403.004999,46.5999,mainland,,88.57563031,7391,7501
615,97860-1,pors,2,42.89097595,lm,5.991468549,225.1455205,3,451.406901,738.3143427,675.3459315,598.664998,43.97271,mainland,,81.1112305,5523,5523
616,97861-1,pors,2,48.11302185,mm,12.61557743,285.8629439,3,283.1229618,503.391336,476.7070186,1566.724996,52.76917,mainland,,150.9441125,9457,9508
617,97862-1,pors,2,50.74907303,mm,3.946093893,286.5589828,3,86.0557944,391.1741894,414.6218961,967.569997,52.02893,island,4400,181.9935309,12026,12026
618,97863-1,pors,2,92.32723999,em,5.564180752,163.1631947,4,10.39068814,11.79356514,12.26831206,1099.259997,94.21148,island,90064700,481.9966682,45914,49671
619,97870-1,pors,1,58.67692947,mm,3.684383949,172.426712,3,50.78540199,270.2449989,255.9942345,527.536364,60.49467,island,75800,546.071228,32192,32192
622,108440-1,pors,2,27.85912514,lm,6.922049999,58.41518402,4,48.30931515,49.07157253,182.7093594,43.62,27.85913,island,4200,1170.49156,231965,345444
623,109934-1,pors,1,34.13812637,lm,6.071595752,179.5826078,1,443.4475225,1277.527838,1320.673836,2382.984992,37.90732,mainland,,156.5920807,14191,14233
624,116986-1,pors,1,30.17350388,lm,10.57768397,102.31786,4,521.8621776,1170.293297,1316.82845,1183.779996,32.65596,mainland,,1509.37704,207406,348564
625,116987-1,pors,2,46.27906036,mm,11.18263849,177.958697,4,265.5356974,624.2825623,594.8165251,560.829998,48.64306,island,26600,1567.113752,208163,366811
626,116988-1,pors,2,38.64274597,lm,13.09501576,101.6663609,4,719.1709587,1029.816652,1079.729846,492.514998,40.5135,mainland,,1347.281322,228980,378722
628,116990-1,pors,3,40.85723495,lm,9.473161147,189.1552875,3,596.8712573,1011.407033,931.611536,1189.364996,44.02744,mainland,,1116.685794,139972,271636
629,116991-1,pors,2,40.09375763,lm,11.780399,63.29661306,4,680.7082169,902.515377,995.6680648,272.444999,40.09376,mainland,,1299.042744,211695,292349
630,116992-1,pors,2,32.85177994,lm,8.463923359,80.08091965,4,360.4477492,1066.972081,1250.478339,925.704997,34.19843,mainland,,1637.894532,209540,339342
631,116993-1,pors,3,46.81990433,mm,6.910702586,103.3066807,3,206.7618406,581.4598506,554.3686324,448.124998,47.23727,mainland,,1009.753897,142047,278348
632,116994-1,pors,3,45.42769623,mm,4.504257963,153.0281073,3,295.034452,628.6645207,635.4259609,9445.084966,53.17374,island,7300,2416.291265,285327,492008
633,128953-1,pors,2,44.12215805,lm,7.891099605,185.783523,3,546.2824152,646.2927443,657.4340533,2299.359994,47.9349,mainland,,172.3742853,16770,16770
634,128954-1,pors,2,33.74227905,lm,14.28652644,275.6679153,1,392.2808589,1058.945669,1087.470541,292.319999,33.74228,mainland,,111.5378511,340,340
635,128955-1,pors,2,95.27589417,em,11.49924755,26.49805069,4,4.371171795,7.370336067,7.580691766,127.87,95.27589,island,89483500,307.0531839,4757,4757
636,128956-1,pors,3,43.40113068,lm,4.363240373,235.6963976,3,522.2498296,704.1880988,707.6315363,868.779998,45.2289,mainland,,70.31806338,7570,7570
637,128957-1,pors,2,45.86746216,mm,4.583602905,139.9372559,3,418.9056759,516.9772878,517.8801039,56.645,45.86746,mainland,,143.9010166,17518,17624
638,128958-1,pors,2,94.03413391,em,4.471777114,286.3024576,3,8.317227798,9.08318278,9.129860822,1098.434997,95.7619,island,89483500,428.2722809,30595,30599
639,128959-1,pors,2,45.23176193,lm,10.59155399,36.40875435,3,353.1995138,566.5710049,582.4466866,858.469998,46.23808,mainland,,42.44317806,6361,6361
640,128960,pors,1,44.07500458,lm,22.91385109,271.3736074,4,633.674203,577.5305539,637.4104289,2119.684994,50.67968,mainland,,378.8250972,22151,23666
641,128961-1,pors,2,44.64482498,lm,5.610520661,210.070076,2,396.2445246,628.9862458,623.6824762,857.524998,46.56224,mainland,,212.6119053,15401,15401
642,128962-1,pors,2,43.96854782,lm,5.610829353,196.7500305,3,467.8901211,647.1521417,640.4320932,272.069999,43.96855,mainland,,130.2297766,17265,17362
643,128963-1,pors,3,38.85744,lm,6.773726,162.6767,4,495.0253622,879.1637211,845.1550516,127.535,38.4744,mainland,,115.3793584,2419,2419
644,128964-1,pors,2,44.64888382,lm,7.227394501,304.2692668,2,465.4655706,640.9828812,625.8047278,616.659998,45.66413,mainland,,279.62367,21269,21269
645,128965-1,pors,2,43.31386185,lm,11.9169569,276.5513611,3,596.5996251,718.5904656,723.5124033,255.879999,45.25726,mainland,,282.8141725,18259,18289
646,136587-1,pors,3,43.44104767,lm,5.420601871,100.7414107,4,574.6129287,736.4724272,734.5287172,989.874997,44.51454,island,900,605.0179924,68420,169787
647,136588-1,pors,1,30.90596199,lm,17.17862563,240.3021212,3,926.3225737,1284.179714,1272.416588,975.884997,36.56957,mainland,,334.5531318,20054,21183
648,136589-1,pors,2,51.78869247,mm,14.84970188,301.6065063,2,208.7645188,386.6376713,384.6271846,115.03,51.78869,mainland,,332.6594301,27441,27441
649,136590-1,pors,2,66.78565979,mm,9.633529425,102.4684544,4,39.35269006,172.2699381,173.525083,258.949999,67.14816,mainland,,528.9104155,50438,67557
650,136591-1,pors,3,27.16831398,lm,12.14981679,67.68525914,2,335.7455129,1495.664175,1413.332566,591.429998,30.22341,mainland,,1044.893024,94257,144584
651,136592-1,pors,2,60.01679993,mm,7.198221207,155.8887024,3,16.08080073,233.90123,233.4759803,33.805,60.0168,mainland,,258.5843924,19966,19966
652,136593-1,pors,2,40.54699326,lm,17.80161667,250.084259,4,791.5250213,810.6526878,847.1605032,56.245,40.54699,mainland,,291.6926625,24941,26300
653,136594-1,pors,2,33.00334167,lm,20.06920929,272.5138733,1,893.3546374,1144.606756,1189.622703,315.904999,36.72825,mainland,,311.2002914,20437,21551
654,136595-1,pors,2,33.3529892,lm,15.57256889,55.61853027,3,435.9389582,1223.697316,1239.863112,161.279999,33.35299,mainland,,1053.698691,107906,174056
655,136596-1,pors,2,42.40736771,lm,19.12809308,227.0274607,4,867.2180606,842.2317381,814.2094138,302.074999,42.72854,mainland,,679.7672815,58850,138002
656,136598-1,pors,3,54.23489761,mm,7.730070114,29.48309898,1,68.19511786,286.1360545,325.772017,133.91,54.2349,island,6221500,566.948973,8855,8938
657,136600-1,pors,2,55.70607376,mm,16.17885494,322.5463715,2,225.5816192,301.1300238,292.2983983,194.299999,55.70607,mainland,,240.9102562,20654,20654
658,136601-1,pors,2,42.34417725,lm,19.4513979,261.3202209,4,737.2933564,685.6695368,755.5870036,274.569999,42.34418,mainland,,325.9104034,10526,10597
659,136602-1,pors,2,54.01768494,mm,14.62059498,333.2545166,2,234.0849047,329.6049889,325.6609551,136.125,54.01768,mainland,,124.5569087,16501,16501
660,136605-1,pors,2,38.5968399,lm,15.22409185,271.3238424,4,947.9612996,913.6452423,953.1092313,425.124999,38.59684,mainland,,297.7753708,3528,3528
661,137336-1,pors,2,49.46377182,mm,13.45230818,39.53596465,3,279.0559894,407.6136264,444.8407031,1249.374996,52.81463,island,243500,359.5190644,45923,64736
662,137337-1,pors,2,57.24789429,mm,14.39280272,52.62722588,3,131.2398775,275.0425937,302.067887,341.724999,57.24789,island,202000,421.3540211,1127,1127
663,137338-1,pors,2,56.53771591,mm,15.62680149,58.09977341,3,132.3811622,286.8512867,313.4925857,135.195,56.53772,island,210600,361.7366402,60671,81486
664,137339-1,pors,2,50.40441513,mm,13.05631065,79.69173813,3,223.3202689,400.5683893,428.2129541,436.054998,50.8245,island,262600,127.2846926,9003,9494
665,137340-1,pors,3,40.59596634,lm,22.8088759,184.6350403,3,711.1949743,923.1644456,859.49744,1332.204995,46.4857,island,7454900,395.8701743,37987,52660
666,137341-1,pors,2,46.58456039,mm,13.73671722,51.89466953,3,207.4467517,530.0415105,547.8116217,359.659999,47.01332,island,7307000,102.8468563,8721,12845
667,137342-1,pors,2,42.10688019,lm,13.13484976,67.10675006,3,639.7964271,815.2864198,778.8567243,875.109997,45.87953,island,7559600,124.4099658,7898,13518
671,150590-1,pors,2,57.56433868,mm,19.46166023,256.4743703,4,295.3213623,275.1102479,271.161691,1059.489997,60.88647,mainland,,401.1350835,32777,35030
672,150594-1,pors,3,39.80996704,lm,11.06993637,83.97161407,3,692.6255351,937.6706046,992.8594633,407.169999,40.33396,island,8255900,489.8053987,84889,165693
673,150614-1,pors,3,35.91570282,lm,10.81276957,113.0255992,3,517.3646428,1153.603193,1175.958191,383.594999,35.9157,mainland,,142.5018349,51386,61284
674,150615-1,pors,2,55.30542374,mm,3.264594245,121.1708748,3,215.7508238,279.2886271,310.2453861,408.394999,55.94657,mainland,,33.64597351,6320,6320
675,151030-1,pors,2,41.76846313,lm,12.41841561,66.95171683,3,729.7923493,835.2799057,848.7077628,761.179997,43.59061,island,7793800,116.2199515,24795,40594
676,151272-1,pors,3,57.13467407,mm,13.65802383,202.2890778,3,179.8540546,284.7091392,277.2567055,481.959999,59.37605,mainland,,388.5273681,29570,30641
677,151701-1,pors,3,43.77554321,lm,11.44642401,18.72738647,3,526.7805616,623.5283119,581.9023643,241.329999,45.67206,island,7559600,534.9578175,66859,99871
678,151702-1,pors,3,47.56404495,mm,11.54569173,76.84342114,3,289.0255693,449.0121816,428.0209719,4310.269985,52.4312,island,6383200,302.7597451,27486,29103
679,156269-1,pors,1,46.49333191,mm,14.44762516,205.745491,3,308.7683151,515.7084534,508.9292251,300.024923,46.49333,mainland,,379.4744863,12937,12937
680,156270-1,pors,2,57.75713348,mm,8.776710134,277.1846024,3,151.1406285,276.4457583,270.1031483,1963.423527,59.64033,mainland,,244.1004186,27101,27931
681,160539-1,pors,2,87.78235626,em,5.442836255,91.33819962,4,18.04850525,21.541843,22.98288964,821.77527,88.9018,island,27500,1764.393662,44327,57038
683,170326-1,pors,2,53.42463684,mm,8.257419586,194.7929993,4,102.3156787,357.7894082,352.702261,134.812704,53.62103,island,20300,250.3398376,34751,37319
684,170327-1,pors,2,48.38960648,mm,13.40690994,126.5401062,4,247.9540104,480.0112772,453.4575763,346.39744,51.68565,island,26000,180.3167957,10809,10890
686,172899-1,pors,3,33.97012,lm,15.12692,241.1707,3,748.7921274,1238.162211,1147.414444,4.780034,34.09393,mainland,,252.0830332,15885,16490
687,177376-1,pors,2,47.16466522,mm,6.618564606,76.70960999,3,239.4798088,440.4630892,487.1690493,180.064683,47.16467,island,8699700,907.1207284,45261,47850
688,177377-1,pors,1,32.41564178,lm,12.88905239,283.1226603,4,234.4943882,1187.624986,1415.706059,244.990504,34.74678,island,215700,424.0766148,61740,95067
689,216188-1,pors,1,73.97532654,em,22.07783699,102.1736526,4,83.02338216,96.4076786,101.7328902,157.902633,73.97533,island,42400,266.8127099,23442,26341
690,220353-1,pors,2,33.66228867,lm,10.82512188,101.5903111,3,271.2199364,1072.195468,1099.622414,292.468006,35.46774,mainland,,681.8756805,56844,95234
691,220357-1,pors,1,27.78489876,lm,15.50338809,160.0625763,2,543.4725125,1379.294207,1328.489183,329.005548,28.40412,mainland,,191.2369207,17911,20187
692,222316-1,pors,1,36.90851593,lm,13.17881036,243.7357864,3,878.0481563,1108.34508,1091.523546,298.382806,36.90852,island,295300,1404.937161,8519,8554
693,222321-1,pors,1,41.62627029,lm,17.63344415,266.6766968,3,764.3188334,850.730592,846.9272694,1299.230822,44.83356,island,227100,97.15121653,25868,74244
694,222322-1,pors,1,57.94165802,mm,7.116900563,262.7029343,3,141.8504349,262.2850545,288.0118974,314.470563,59.08262,island,113700,1577.945135,35249,97570
695,222323-1,pors,1,60.06664276,mm,7.869319558,258.5253906,3,41.99751584,238.1134457,253.7647391,352.909662,60.06664,island,108800,2877.673495,21968,21968
696,222324-1,pors,1,61.23029709,mm,2.570678183,90.96146297,4,64.58448386,222.3995642,238.4007751,692.040059,62.15627,island,95300,1998.90138,67659,127284
697,222325-1,pors,1,55.39629745,mm,6.18440121,58.26590685,4,176.0601268,298.6604766,326.9502673,2477.879942,60.59775,island,108800,539.7995842,44137,44139
698,222327-1,pors,1,57.53181458,mm,9.718957901,43.4509182,4,117.6400389,262.3925602,291.3151108,363.749668,58.7872,island,119300,487.4036419,46138,46138
699,222328-1,pors,1,53.30527115,mm,13.70477867,56.95841026,3,211.5604569,334.1391128,345.3296867,211.79909,54.61026,island,140800,428.2791838,44415,44455
700,222329-1,pors,1,44.03313446,lm,7.836974083,45.69035469,3,609.430615,657.9089656,670.158034,5360.527252,47.00967,island,199300,416.2450977,37509,37536
701,222330-1,pors,1,47.77162552,mm,12.05103266,59.03207541,3,300.9478574,462.3204088,479.5996418,956.021445,49.00096,island,182400,410.2204258,41280,41335
702,222331-1,pors,2,50.34275818,mm,8.864715799,55.1485878,3,248.6526963,387.572352,409.3097169,1609.610777,53.02724,island,146100,451.1949702,40677,40835
703,222332-1,pors,1,55.86125565,mm,11.36565253,48.78733158,4,175.7419714,287.9496006,304.9236551,1580.350114,58.88396,island,119300,400.6755909,42012,42197
704,222333-1,pors,1,53.93786621,mm,13.83844146,46.91050252,3,263.0523062,322.9898827,333.5980697,2096.709599,58.77169,island,119300,505.2124584,44838,44863
705,222336-1,pors,1,64.18199921,mm,16.67498334,76.07136281,4,157.5535262,177.9084276,202.173017,265.902582,65.01762,island,78200,575.8506821,55060,55172
706,222339-1,pors,3,61.23443604,mm,9.468561014,153.7592155,3,144.2081982,219.3115308,235.3242142,927.064126,62.55501,island,95300,203.1940145,15878,15878
707,222340-1,pors,1,52.72084427,mm,23.21128416,101.3147049,3,336.8904219,332.3125164,366.2874427,425.55149,56.70265,island,130900,292.3223023,19086,25573
708,222341-1,pors,3,49.51808929,mm,12.3711897,138.3432944,3,273.6464622,397.3063693,440.0880596,1451.843665,55.70231,island,136500,1577.733585,15435,24992
709,222342-1,pors,2,39.43938828,lm,19.38144569,117.1638453,3,907.1364807,905.0535768,907.9456777,1292.491675,43.32092,island,235400,198.6617679,15842,24843
710,222437-1,pors,1,44.22285843,lm,22.90886879,98.61232567,3,603.4621095,616.9836217,656.2063688,532.018458,48.3858,island,191000,223.0493044,17071,17071
711,222438-1,pors,2,58.52410126,mm,9.979251862,326.7538681,3,123.9139222,234.0137703,263.463795,1153.978783,60.96778,island,2884300,128.1462463,9889,14324
712,222801-1,pors,2,57.86643982,mm,12.76137034,239.1211294,3,86.18828557,251.4647317,265.1349361,347.125839,57.86644,island,10800,95.84257861,32929,65176
713,223221,pors,2,27.20426369,lm,16.17748852,265.7795787,4,834.4634074,1405.736599,1372.659543,1668.324808,34.06345,island,309400,1589.840003,31600,43319
714,223223-1,pors,1,34.11182785,lm,16.2686893,181.1067317,3,1034.440376,1195.010387,1164.320384,1195.849369,40.14716,island,260400,1720.255765,36706,61108
715,223225-1,pors,1,24.94477463,lm,21.33641243,153.8524208,3,538.1331406,1550.651998,1385.392904,271.803417,28.37539,mainland,,355.1527586,30938,34877
716,223226-1,pors,2,36.83504486,lm,9.005243301,248.9123688,3,745.9035101,1114.718691,1096.271828,166.742192,36.83504,island,295300,1408.069372,24366,55888
717,223228-1,pors,2,128.0453186,em,12.38106108,241.5365219,4,,,,314.196585,128.0453,island,22667900,248.2812301,658,658
718,223230-1,pors,1,37.10816574,lm,10.97473152,284.6473016,3,915.6766099,849.4800468,973.0915858,1866.855164,40.48377,mainland,,330.4190928,31455,32679
719,223231-1,pors,1,32.80436707,lm,8.304586411,350.4733887,3,179.8240095,1014.61033,1110.336651,78.359638,32.80437,mainland,,167.6221661,10152,10152
720,223232-1,pors,1,47.77252579,mm,14.26481255,276.7537969,3,326.5934548,454.016679,474.6776275,1273.688616,51.04607,mainland,,376.0529674,37537,38998
721,223233-1,pors,2,45.18231201,lm,12.20795015,315.8861307,3,434.4457855,522.2184863,569.041355,2631.763941,50.79466,mainland,,267.3817871,34593,36032
722,223234-1,pors,1,47.72257614,mm,5.706275498,182.2063393,3,226.9874499,473.5831985,506.217489,1911.028278,49.69662,island,182400,71.81052361,20704,20704
723,223236-1,pors,1,53.48686981,mm,11.30954037,51.14253693,3,138.9353817,329.8513481,354.5546536,560.187345,55.11013,island,136500,483.5417935,43475,43475
727,224019-1,pors,1,99.29385376,em,12.81813059,233.9338898,3,2,1.11340443,1.130388331,968.779239,103.9673,island,1810300,4776.914586,197761,432466
728,224020-1,pors,1,89.67868042,em,21.30393314,232.655365,3,17.64220791,17.10563593,17.64135559,239.132695,89.67868,island,2631100,1479.228309,74413,89178
729,224022-1,pors,1,47.68833923,mm,24.12151764,209.1508084,4,371.7527857,496.7198512,491.1059338,2011.947488,58.92904,island,5885900,385.6801201,24852,48886
730,224023-1,pors,1,91.82910156,em,2.11732142,247.5996153,4,5.932211707,9.012892001,13.19419322,421.376225,92.2156,island,5000,3863.668856,226010,509910
731,224025-1,pors,1,68.37700653,mm,8.017176148,246.7334748,4,147.2394015,158.4391675,152.7792867,7276.016812,75.4213,island,54400,1308.867621,105637,229147
732,224027-1,pors,1,64.2999115,mm,7.966870871,42.20512477,4,157.8119909,220.6350741,195.5105711,3185.317752,67.59439,island,82400,1257.342063,70228,150407
733,224029-1,pors,1,50.80384445,mm,10.30441548,39.23182044,4,240.8182731,385.1427818,403.2395704,1662.720864,55.47393,island,136600,564.3716719,32814,48287
734,224030-1,pors,1,42.27215195,lm,13.3095583,132.8391174,4,542.7963173,807.6799731,830.1657914,463.054691,44.14818,island,7668500,230.5240222,25978,27901
735,224032-1,pors,2,61.42593384,mm,7.485055526,290.8567607,1,193.207573,219.0907291,206.1118706,520.41704,62.36686,island,103000,311.7004163,24690,29151
736,224033-1,pors,2,65.16426849,mm,17.29434204,291.2891998,3,97.38258557,173.0554083,176.1168449,177.42682,66.30045,island,86900,1186.108045,93156,204629
738,224035-1,pors,2,86.20861816,em,3.29546634,182.7394562,4,13.4046362,18.89179618,23.41307759,1060.57774,87.78064,island,21700,3145.636715,145348,409589
739,224036-1,pors,2,45.72538757,mm,2.873298461,158.3207935,4,366.6446334,431.2166266,476.545246,969.216714,46.95246,island,7454900,968.30069,91603,176797
740,224039-1,pors,1,50.78360367,mm,8.022804642,19.34546404,4,85.40374214,452.4578402,417.7686139,427.499548,52.06398,island,6300,352.8127907,32860,34876
741,224044-1,pors,1,48.93462753,mm,7.462493738,21.44377009,4,138.1160715,480.6519485,463.8163231,406.162527,48.93463,island,28500,288.1227087,7145,7145
742,224056-1,pors,1,45.95785904,mm,5.567235788,233.1932311,4,246.8941308,581.2772652,554.0617858,476.910513,45.95786,island,37900,309.4871402,32229,33783
743,224065-1,pors,1,39.84039688,lm,11.52342081,345.0891724,4,457.0155369,1051.004962,985.8182854,301.792848,41.81726,island,52000,398.5134863,31045,32268
744,224090-1,pors,1,41.81602,lm,13.62901,318.1023,4,590.7586262,932.559831,849.9936982,59.110287,42.16571,island,48800,333.073441,34044,35766
745,224092-1,pors,2,35.8013916,lm,15.84122276,56.65514374,4,375.7524033,1231.977671,1216.478005,105.186736,35.80139,island,69500,197.7394163,18059,18738
746,224093-1,pors,1,31.99320221,lm,12.0624156,180.1136204,4,352.444234,1347.827395,1377.908385,427.327005,32.32029,island,78200,213.1056471,20110,20672
747,224094-1,pors,1,28.44351387,lm,17.92408848,329.7602081,4,342.4100425,1462.844527,1500.794231,182.481896,28.44351,mainland,,183.5490246,6735,6735
748,224096-1,pors,1,23.83983612,lm,15.44998312,314.8263855,4,382.1539621,1565.130615,1631.432727,171.141631,23.83984,mainland,,171.177525,5942,5942
749,224097-1,pors,1,28.99028015,lm,11.68529415,329.3184967,4,294.5894772,1448.512802,1484.018388,229.122884,28.99028,mainland,,162.7781856,6676,6676
750,224098-1,pors,1,25.44816208,lm,21.57819557,83.33107249,4,766.4477843,1611.729099,1611.846642,351.602323,26.12707,mainland,,111.3051532,10564,15874
751,224099-1,pors,1,56.51528931,mm,14.02254306,258.8386858,3,244.9690552,313.5909059,301.6987261,743.574318,59.80084,mainland,,715.8191029,62476,103630
752,224100-1,pors,2,45.17008591,lm,8.98261555,254.2963104,3,441.4375839,617.4046234,604.8796292,1903.529323,47.27743,mainland,,429.8615616,44407,64735
753,224101-1,pors,1,49.5426178,mm,13.47976875,290.5115051,3,242.1231687,452.6393477,446.093977,209.134051,49.54262,mainland,,435.0835415,14055,15866
754,224102-1,pors,1,44.13882065,lm,10.42087841,277.1685486,3,534.1115014,686.0234876,690.3222101,192.610842,44.13882,mainland,,338.4649652,585,585
755,224103-1,pors,2,41.29753113,lm,10.91741943,261.9811516,3,502.3664455,913.9062088,914.6215843,506.381613,42.09887,mainland,,430.6676619,37669,43298
756,224105-1,pors,1,35.53314972,lm,10.11915569,283.6487854,3,398.1072637,1212.090975,1238.000058,579.134932,36.16825,mainland,,342.2167857,34922,38186
757,224107-1,pors,2,31.81061554,lm,6.853320758,276.1349843,3,241.1630984,1381.707901,1395.578507,534.408166,32.98646,mainland,,322.2907879,29457,32058
758,224108-1,pors,3,28.23765182,lm,6.64817826,225.4157333,3,246.6916241,1554.494036,1534.641876,730.149497,30.10203,mainland,,288.1243185,24760,27084
759,224109-1,pors,2,26.83709145,lm,7.936334478,207.2277612,3,142.1069109,1594.917459,1577.361059,868.338236,29.2918,mainland,,229.6798867,26208,33213
760,224110-1,pors,2,58.03653336,mm,7.745566487,311.993309,3,179.1441026,264.9836743,301.6815758,390.000283,58.73453,mainland,,157.9240691,46096,58411
761,224111-1,pors,1,64.18241882,mm,9.851259391,14.88695947,3,85.99307451,166.1519356,194.6063056,578.068402,65.86006,island,2705300,236.8531859,22685,33087
762,224112-1,pors,1,62.57185745,mm,10.87537074,31.2298522,3,100.8165721,182.4152344,213.3616465,508.536867,63.3074,island,2778100,155.6059168,13648,22023
763,224113-1,pors,1,62.87495422,mm,11.68514156,180.5444471,3,84.59313189,175.8449671,209.7420881,174.873516,62.89008,island,2814000,272.9058932,21817,30137
764,224114-1,pors,1,66.35539246,mm,9.056158702,356.1727397,3,64.04277171,144.5887816,171.4583351,304.314578,66.4852,island,2669900,297.7764139,28315,39434
765,224115-1,pors,1,62.28429031,mm,12.07004094,9.306442618,3,99.48538949,181.9766073,216.2844457,462.909733,64.31035,island,2743500,357.209523,27131,36516
766,224116-1,pors,1,66.17716217,mm,9.299266815,341.5202026,3,51.53548618,147.1239976,171.1961554,151.139845,66.17716,island,2669900,379.811368,16525,17165
771,224334-1,pors,1,70.79301453,em,2.553987011,142.7916149,3,72.40926858,125.4013729,128.607539,1221.923772,71.26405,island,2451700,1862.659465,122945,309762
772,224335-1,pors,2,78.61656952,em,9.430329879,342.9546763,3,57.90567557,67.45640118,65.86658714,683.607982,80.70003,island,644700,1304.455452,128000,278954
773,224336-1,pors,2,84.9044342,em,11.62436581,214.178154,3,24.56382478,33.02191376,31.16671748,350.138123,87.96453,island,484800,740.865779,54377,158538
776,228962-1,pors,1,54.6827507,mm,16.16046429,46.80327682,3,198.5204526,292.1393966,352.8729294,427.764914,56.855,island,3860000,772.5567031,86272,94826
778,230472-0,pors,1,55.07460785,mm,7.688508749,334.5673116,3,164.083207,337.9724707,326.9664767,818.003077,57.06463,mainland,,761.1589002,77715,89647
780,236024-0,bamb,3,101.2301865,em,3.834448099,23.09510279,3,,,,311.354948,102.7257,island,152500,2659.985347,278954,707580
